case_id,court_name,debtor_order,masked_birth_id
37048/2017,Municipal Court in Prague,1/1,895219R2/XXXX
37463/2016,Regional Court in Pilsen,1/1,0356099D/XXXX
37463/2016,Regional Court in Pilsen,2/2,600704MM/XXXX
82070/2017,Regional Court in Usti nad Labem,1/1,595122EI/XXXX
82070/2017,Regional Court in Usti nad Labem,2/2,000709TN/XXXX
84886/2016,Regional Court in Brno,1/1,5854272K/XXXX
74579/2015,Regional Court in Brno,1/1,920712E8/XXXX
62348/2016,Regional Court in Hradec Kralove,1/1,0011247Y/XXXX
82959/2015,Regional Court in Ostrava,1/1,010625AY/XXXX
11322/2015,Regional Court in Ceske Budejovice,1/1,890305UZ/XXXX
89039/2017,Regional Court in Pilsen,1/1,6254084L/XXXX
44309/2015,Regional Court in Ostrava,1/1,015905UF/XXXX
13899/2017,Regional Court in Ostrava,1/1,000407CY/XXXX
73132/2016,Regional Court in Ostrava,1/1,550225FA/XXXX
96748/2015,Regional Court in Usti nad Labem,1/1,010410D3/XXXX
96748/2015,Regional Court in Usti nad Labem,2/2,750102UW/XXXX
53923/2014,Regional Court in Ostrava,1/1,9301205Q/XXXX
85607/2015,Regional Court in Prague,1/1,00511564/XXXX
93214/2015,Regional Court in Usti nad Labem,1/1,040122ZJ/XXXX
45942/2015,Regional Court in Prague,1/1,86052835/XXXX
2267/2017,Regional Court in Pilsen,1/1,010902NZ/XXXX
47357/2017,Regional Court in Hradec Kralove,1/1,941205FA/XXXX
47357/2017,Regional Court in Hradec Kralove,2/2,030106LQ/XXXX
30154/2018,Regional Court in Ostrava,1/1,690401CP/XXXX
24405/2014,Regional Court in Ostrava,1/1,930712KR/XXXX
95297/2018,Regional Court in Ceske Budejovice,1/1,820222LK/XXXX
95297/2018,Regional Court in Ceske Budejovice,2/2,740910QK/XXXX
81676/2017,Regional Court in Ostrava,1/1,025507RK/XXXX
88012/2017,Regional Court in Brno,1/1,016110EC/XXXX
86990/2016,Regional Court in Brno,1/1,000708BX/XXXX
99992/2018,Regional Court in Hradec Kralove,1/1,040727ZS/XXXX
99992/2018,Regional Court in Hradec Kralove,2/2,030809FH/XXXX
19136/2016,Regional Court in Ceske Budejovice,1/1,685214QL/XXXX
76456/2014,Regional Court in Ostrava,1/1,795718YE/XXXX
82560/2018,Regional Court in Ostrava,1/1,000221R8/XXXX
34065/2017,Regional Court in Usti nad Labem,1/1,00060842/XXXX
34065/2017,Regional Court in Usti nad Labem,2/2,0101209F/XXXX
95156/2017,Regional Court in Ostrava,1/1,001001JO/XXXX
6383/2018,Regional Court in Ceske Budejovice,1/1,8761110Q/XXXX
36400/2017,Regional Court in Ostrava,1/1,030727HK/XXXX
64904/2016,Regional Court in Brno,1/1,931209Z0/XXXX
3260/2017,Regional Court in Ceske Budejovice,1/1,026119NU/XXXX
71236/2015,Regional Court in Prague,1/1,850524XI/XXXX
71236/2015,Regional Court in Prague,2/2,020412BJ/XXXX
38268/2014,Municipal Court in Prague,1/1,585528U7/XXXX
80471/2014,Regional Court in Usti nad Labem,1/1,030815JR/XXXX
54545/2017,Regional Court in Prague,1/1,690523IT/XXXX
22747/2018,Municipal Court in Prague,1/1,020804TJ/XXXX
22747/2018,Municipal Court in Prague,2/2,040916S5/XXXX
23962/2017,Regional Court in Usti nad Labem,1/1,011014V5/XXXX
53488/2017,Regional Court in Brno,1/1,7505117P/XXXX
53488/2017,Regional Court in Brno,2/2,001128YT/XXXX
38752/2015,Regional Court in Prague,1/1,951026FA/XXXX
21181/2016,Regional Court in Prague,1/1,720727UU/XXXX
45548/2017,Regional Court in Ostrava,1/1,021210V9/XXXX
45548/2017,Regional Court in Ostrava,2/2,765925YO/XXXX
50968/2016,Regional Court in Pilsen,1/1,0108028W/XXXX
21232/2016,Regional Court in Hradec Kralove,1/1,9412135L/XXXX
38667/2014,Regional Court in Hradec Kralove,1/1,6111236S/XXXX
38667/2014,Regional Court in Hradec Kralove,2/2,5651113I/XXXX
82226/2014,Regional Court in Ostrava,1/1,010821GT/XXXX
33780/2017,Regional Court in Pilsen,1/1,035208OM/XXXX
38512/2016,Regional Court in Ostrava,1/1,016107G8/XXXX
27318/2016,Regional Court in Pilsen,1/1,040909AG/XXXX
89647/2015,Regional Court in Ostrava,1/1,040603P0/XXXX
82205/2017,Regional Court in Pilsen,1/1,011103TJ/XXXX
82205/2017,Regional Court in Pilsen,2/2,570110V7/XXXX
21253/2016,Regional Court in Usti nad Labem,1/1,0407092N/XXXX
21253/2016,Regional Court in Usti nad Labem,2/2,705604NY/XXXX
3799/2015,Regional Court in Hradec Kralove,1/1,045403ZD/XXXX
4379/2018,Regional Court in Prague,1/1,045601BG/XXXX
30038/2017,Regional Court in Pilsen,1/1,04551513/XXXX
30038/2017,Regional Court in Pilsen,2/2,031104VS/XXXX
60469/2018,Regional Court in Ceske Budejovice,1/1,006121ZD/XXXX
21006/2016,Regional Court in Brno,1/1,6002146N/XXXX
47090/2018,Regional Court in Hradec Kralove,1/1,8504286M/XXXX
4441/2017,Regional Court in Hradec Kralove,1/1,000309JL/XXXX
56028/2017,Regional Court in Prague,1/1,75602053/XXXX
29255/2017,Regional Court in Pilsen,1/1,736122VX/XXXX
2013/2015,Regional Court in Brno,1/1,896208WZ/XXXX
84904/2016,Regional Court in Pilsen,1/1,755326TN/XXXX
11011/2015,Regional Court in Usti nad Labem,1/1,7756249F/XXXX
65764/2015,Regional Court in Usti nad Labem,1/1,041121KK/XXXX
61521/2016,Municipal Court in Prague,1/1,0061285W/XXXX
9109/2017,Regional Court in Ceske Budejovice,1/1,000921B2/XXXX
79366/2016,Regional Court in Brno,1/1,760218OI/XXXX
52374/2018,Regional Court in Usti nad Labem,1/1,900721L8/XXXX
64736/2018,Regional Court in Brno,1/1,730217YX/XXXX
95317/2014,Regional Court in Brno,1/1,835418FJ/XXXX
55874/2017,Regional Court in Ceske Budejovice,1/1,010502UN/XXXX
55874/2017,Regional Court in Ceske Budejovice,2/2,8802105A/XXXX
52964/2018,Regional Court in Pilsen,1/1,025401K6/XXXX
81654/2017,Regional Court in Pilsen,1/1,645924XR/XXXX
79215/2014,Regional Court in Ostrava,1/1,0105140M/XXXX
51709/2018,Municipal Court in Prague,1/1,5956086L/XXXX
51709/2018,Municipal Court in Prague,2/2,766106TU/XXXX
72176/2018,Regional Court in Ceske Budejovice,1/1,0256283L/XXXX
91710/2016,Regional Court in Prague,1/1,6012145R/XXXX
91408/2017,Regional Court in Pilsen,1/1,026014H3/XXXX
58432/2018,Regional Court in Hradec Kralove,1/1,02561329/XXXX
4396/2015,Regional Court in Ostrava,1/1,900209GS/XXXX
12506/2018,Regional Court in Pilsen,1/1,021203ZY/XXXX
12506/2018,Regional Court in Pilsen,2/2,656223BN/XXXX
81209/2018,Regional Court in Ceske Budejovice,1/1,855914Q4/XXXX
81209/2018,Regional Court in Ceske Budejovice,2/2,595815XM/XXXX
22229/2016,Regional Court in Brno,1/1,8805285G/XXXX
80316/2015,Regional Court in Hradec Kralove,1/1,560202GD/XXXX
91257/2016,Regional Court in Pilsen,1/1,6856209K/XXXX
17059/2014,Regional Court in Brno,1/1,735728QF/XXXX
4037/2016,Regional Court in Brno,1/1,705419M3/XXXX
53855/2018,Regional Court in Usti nad Labem,1/1,015618I4/XXXX
48920/2018,Regional Court in Brno,1/1,87510228/XXXX
52505/2018,Regional Court in Brno,1/1,760927WY/XXXX
52505/2018,Regional Court in Brno,2/2,030112L7/XXXX
83447/2017,Regional Court in Prague,1/1,9804027C/XXXX
74516/2017,Regional Court in Ceske Budejovice,1/1,750315YL/XXXX
40008/2015,Regional Court in Ostrava,1/1,030616MZ/XXXX
20198/2018,Regional Court in Ostrava,1/1,025821GU/XXXX
30579/2014,Regional Court in Ostrava,1/1,85522280/XXXX
12725/2015,Municipal Court in Prague,1/1,005314B2/XXXX
44914/2017,Regional Court in Prague,1/1,860328WT/XXXX
75420/2017,Regional Court in Usti nad Labem,1/1,035717K5/XXXX
99796/2015,Regional Court in Prague,1/1,045109NF/XXXX
39671/2017,Regional Court in Hradec Kralove,1/1,035315NQ/XXXX
11237/2016,Regional Court in Usti nad Labem,1/1,045419Y9/XXXX
11237/2016,Regional Court in Usti nad Labem,2/2,035222DV/XXXX
95801/2016,Regional Court in Usti nad Labem,1/1,6860032R/XXXX
85656/2017,Regional Court in Ostrava,1/1,0357135Y/XXXX
85656/2017,Regional Court in Ostrava,2/2,005318PX/XXXX
61375/2016,Regional Court in Prague,1/1,005126Q1/XXXX
58535/2015,Municipal Court in Prague,1/1,005317IE/XXXX
87535/2016,Regional Court in Prague,1/1,906024BR/XXXX
71507/2015,Regional Court in Prague,1/1,640802ZQ/XXXX
25966/2014,Regional Court in Usti nad Labem,1/1,005207ZD/XXXX
32797/2018,Regional Court in Pilsen,1/1,700911IO/XXXX
42973/2018,Regional Court in Usti nad Labem,1/1,91542491/XXXX
42973/2018,Regional Court in Usti nad Labem,2/2,046214I9/XXXX
95838/2015,Regional Court in Usti nad Labem,1/1,770305YV/XXXX
1836/2018,Regional Court in Hradec Kralove,1/1,640107WT/XXXX
71220/2014,Regional Court in Usti nad Labem,1/1,0353046X/XXXX
71220/2014,Regional Court in Usti nad Labem,2/2,885527MH/XXXX
86182/2018,Municipal Court in Prague,1/1,9058020A/XXXX
91739/2015,Regional Court in Ostrava,1/1,591109Y2/XXXX
91739/2015,Regional Court in Ostrava,2/2,0054199P/XXXX
91349/2016,Regional Court in Usti nad Labem,1/1,000214E4/XXXX
50207/2015,Regional Court in Ceske Budejovice,1/1,001010F4/XXXX
36358/2018,Regional Court in Pilsen,1/1,905917Q6/XXXX
12101/2014,Regional Court in Pilsen,1/1,011017AO/XXXX
48333/2015,Regional Court in Usti nad Labem,1/1,046007T6/XXXX
86332/2016,Regional Court in Pilsen,1/1,995416KB/XXXX
86332/2016,Regional Court in Pilsen,2/2,021223VF/XXXX
90353/2017,Regional Court in Ceske Budejovice,1/1,015826I4/XXXX
79372/2018,Municipal Court in Prague,1/1,9957182N/XXXX
85545/2017,Municipal Court in Prague,1/1,0352016G/XXXX
39722/2018,Regional Court in Pilsen,1/1,640610LT/XXXX
16084/2016,Regional Court in Usti nad Labem,1/1,656208XB/XXXX
52849/2015,Regional Court in Hradec Kralove,1/1,9207130D/XXXX
60972/2015,Regional Court in Brno,1/1,950620OP/XXXX
89094/2018,Regional Court in Hradec Kralove,1/1,6656239W/XXXX
25523/2015,Regional Court in Brno,1/1,7751168C/XXXX
29905/2014,Municipal Court in Prague,1/1,655819VZ/XXXX
14423/2017,Regional Court in Ostrava,1/1,570809M5/XXXX
28082/2015,Regional Court in Prague,1/1,040520YA/XXXX
28082/2015,Regional Court in Prague,2/2,026009W6/XXXX
33447/2015,Regional Court in Usti nad Labem,1/1,911109QO/XXXX
77278/2016,Regional Court in Pilsen,1/1,031122M4/XXXX
64614/2017,Regional Court in Ceske Budejovice,1/1,000221T1/XXXX
64614/2017,Regional Court in Ceske Budejovice,2/2,035801RC/XXXX
7787/2017,Regional Court in Hradec Kralove,1/1,01572156/XXXX
56353/2017,Regional Court in Usti nad Labem,1/1,60122666/XXXX
83323/2016,Regional Court in Usti nad Labem,1/1,03040368/XXXX
79644/2014,Regional Court in Ceske Budejovice,1/1,006110DX/XXXX
84634/2016,Regional Court in Brno,1/1,020605OQ/XXXX
53163/2014,Municipal Court in Prague,1/1,810723P5/XXXX
86175/2016,Regional Court in Ceske Budejovice,1/1,0151085R/XXXX
69551/2015,Regional Court in Ostrava,1/1,780324H7/XXXX
75302/2016,Municipal Court in Prague,1/1,0461247E/XXXX
98080/2017,Regional Court in Ostrava,1/1,7555274N/XXXX
38002/2014,Regional Court in Pilsen,1/1,845112CI/XXXX
1835/2017,Regional Court in Brno,1/1,956201L0/XXXX
1835/2017,Regional Court in Brno,2/2,740207XF/XXXX
61091/2016,Regional Court in Ostrava,1/1,636127P4/XXXX
61091/2016,Regional Court in Ostrava,2/2,970308IG/XXXX
59925/2014,Regional Court in Prague,1/1,685810TG/XXXX
52936/2017,Regional Court in Ostrava,1/1,660113SZ/XXXX
83614/2018,Regional Court in Pilsen,1/1,005103CS/XXXX
83614/2018,Regional Court in Pilsen,2/2,760202T3/XXXX
37681/2015,Regional Court in Prague,1/1,045421IV/XXXX
72258/2015,Regional Court in Ostrava,1/1,020818VM/XXXX
72258/2015,Regional Court in Ostrava,2/2,7905061K/XXXX
70951/2015,Regional Court in Brno,1/1,691028OM/XXXX
70951/2015,Regional Court in Brno,2/2,010308KM/XXXX
8362/2015,Municipal Court in Prague,1/1,555620C8/XXXX
10506/2018,Regional Court in Ostrava,1/1,610610K8/XXXX
41215/2017,Regional Court in Prague,1/1,556219P2/XXXX
42879/2017,Regional Court in Prague,1/1,971124LS/XXXX
56004/2014,Regional Court in Pilsen,1/1,790618O6/XXXX
56004/2014,Regional Court in Pilsen,2/2,041125EA/XXXX
96942/2015,Regional Court in Pilsen,1/1,021020U1/XXXX
71795/2017,Regional Court in Ostrava,1/1,585719ZV/XXXX
23391/2015,Municipal Court in Prague,1/1,620526PU/XXXX
61956/2016,Regional Court in Brno,1/1,01122265/XXXX
63236/2018,Regional Court in Hradec Kralove,1/1,806202WX/XXXX
90538/2014,Municipal Court in Prague,1/1,04051145/XXXX
15748/2017,Regional Court in Usti nad Labem,1/1,0052196I/XXXX
90235/2016,Regional Court in Hradec Kralove,1/1,0262083U/XXXX
43056/2016,Regional Court in Usti nad Labem,1/1,015807QV/XXXX
26265/2018,Municipal Court in Prague,1/1,575802NC/XXXX
26265/2018,Municipal Court in Prague,2/2,04572171/XXXX
91289/2018,Regional Court in Brno,1/1,915428EE/XXXX
23701/2016,Regional Court in Prague,1/1,746223HR/XXXX
50051/2014,Regional Court in Ostrava,1/1,9802164L/XXXX
19340/2016,Regional Court in Brno,1/1,020713O2/XXXX
67494/2018,Regional Court in Hradec Kralove,1/1,0453106U/XXXX
41250/2016,Regional Court in Usti nad Labem,1/1,9205157U/XXXX
20762/2015,Municipal Court in Prague,1/1,915805KB/XXXX
12539/2017,Regional Court in Pilsen,1/1,82581302/XXXX
46134/2015,Regional Court in Usti nad Labem,1/1,7453032J/XXXX
53873/2018,Regional Court in Ostrava,1/1,016201WA/XXXX
15170/2017,Municipal Court in Prague,1/1,0358137Z/XXXX
18978/2015,Regional Court in Hradec Kralove,1/1,94021076/XXXX
91204/2017,Regional Court in Ostrava,1/1,975204V9/XXXX
91204/2017,Regional Court in Ostrava,2/2,0012246G/XXXX
97801/2018,Regional Court in Brno,1/1,000322AL/XXXX
36629/2016,Regional Court in Ostrava,1/1,811126A7/XXXX
36629/2016,Regional Court in Ostrava,2/2,015214US/XXXX
54907/2016,Regional Court in Pilsen,1/1,006228XE/XXXX
64167/2016,Regional Court in Usti nad Labem,1/1,9010020A/XXXX
67444/2016,Regional Court in Brno,1/1,700215SS/XXXX
74024/2014,Regional Court in Pilsen,1/1,041110WZ/XXXX
79636/2016,Regional Court in Usti nad Labem,1/1,000225E0/XXXX
98322/2016,Regional Court in Usti nad Labem,1/1,015228PD/XXXX
18647/2017,Regional Court in Ostrava,1/1,045727UW/XXXX
18647/2017,Regional Court in Ostrava,2/2,04032486/XXXX
39557/2016,Regional Court in Brno,1/1,996217JZ/XXXX
24306/2018,Regional Court in Hradec Kralove,1/1,620618UQ/XXXX
22094/2014,Regional Court in Brno,1/1,581226ID/XXXX
22094/2014,Regional Court in Brno,2/2,830220ZE/XXXX
90803/2016,Regional Court in Ostrava,1/1,710420SE/XXXX
24255/2018,Regional Court in Brno,1/1,0452132R/XXXX
24255/2018,Regional Court in Brno,2/2,656028G0/XXXX
10552/2018,Regional Court in Ceske Budejovice,1/1,665903WA/XXXX
10552/2018,Regional Court in Ceske Budejovice,2/2,605608DL/XXXX
82412/2018,Regional Court in Hradec Kralove,1/1,035213GY/XXXX
13577/2016,Municipal Court in Prague,1/1,551103DD/XXXX
98896/2017,Regional Court in Ostrava,1/1,0052033B/XXXX
71101/2014,Regional Court in Hradec Kralove,1/1,9201234M/XXXX
29818/2014,Regional Court in Prague,1/1,0455219J/XXXX
52653/2014,Regional Court in Ceske Budejovice,1/1,770414W9/XXXX
39096/2016,Regional Court in Ceske Budejovice,1/1,925811M8/XXXX
41065/2016,Regional Court in Hradec Kralove,1/1,0257060K/XXXX
41038/2016,Regional Court in Brno,1/1,0055288Y/XXXX
76877/2017,Regional Court in Usti nad Labem,1/1,040518YU/XXXX
53007/2016,Regional Court in Ceske Budejovice,1/1,946106W8/XXXX
9239/2015,Regional Court in Pilsen,1/1,045613UT/XXXX
50613/2017,Regional Court in Pilsen,1/1,040513EX/XXXX
37806/2015,Regional Court in Ceske Budejovice,1/1,626108QL/XXXX
22119/2014,Regional Court in Ceske Budejovice,1/1,010106GB/XXXX
64133/2017,Regional Court in Pilsen,1/1,040320WG/XXXX
67107/2014,Regional Court in Prague,1/1,0108202Y/XXXX
86096/2018,Regional Court in Usti nad Labem,1/1,045708UO/XXXX
54562/2015,Regional Court in Ostrava,1/1,0060177X/XXXX
48925/2018,Regional Court in Pilsen,1/1,680718ZU/XXXX
99017/2018,Regional Court in Hradec Kralove,1/1,000417PL/XXXX
79675/2018,Regional Court in Pilsen,1/1,606002OP/XXXX
92547/2018,Regional Court in Ceske Budejovice,1/1,706101A5/XXXX
77406/2015,Regional Court in Usti nad Labem,1/1,930415P0/XXXX
76352/2018,Regional Court in Ostrava,1/1,855425LT/XXXX
47281/2015,Regional Court in Brno,1/1,015503PL/XXXX
25925/2015,Regional Court in Usti nad Labem,1/1,025408CF/XXXX
71972/2017,Regional Court in Usti nad Labem,1/1,750819HV/XXXX
71972/2017,Regional Court in Usti nad Labem,2/2,045513E8/XXXX
61302/2018,Regional Court in Usti nad Labem,1/1,036004KN/XXXX
92843/2016,Regional Court in Prague,1/1,8353198E/XXXX
62995/2018,Regional Court in Usti nad Labem,1/1,955918KV/XXXX
62995/2018,Regional Court in Usti nad Labem,2/2,0451136A/XXXX
90074/2014,Regional Court in Prague,1/1,045325IM/XXXX
90074/2014,Regional Court in Prague,2/2,835213IT/XXXX
42533/2015,Regional Court in Prague,1/1,030515NX/XXXX
11494/2018,Regional Court in Usti nad Labem,1/1,8559021P/XXXX
83114/2015,Regional Court in Brno,1/1,571112KU/XXXX
69610/2017,Regional Court in Ceske Budejovice,1/1,0309085S/XXXX
91147/2015,Regional Court in Ceske Budejovice,1/1,550726IE/XXXX
91147/2015,Regional Court in Ceske Budejovice,2/2,670718RP/XXXX
91954/2017,Regional Court in Ostrava,1/1,0257074B/XXXX
71119/2016,Regional Court in Prague,1/1,6312150E/XXXX
44286/2016,Regional Court in Usti nad Labem,1/1,720703YU/XXXX
33396/2016,Regional Court in Ostrava,1/1,615922DU/XXXX
84692/2016,Regional Court in Brno,1/1,975404FR/XXXX
91230/2017,Regional Court in Usti nad Labem,1/1,655803L3/XXXX
50514/2017,Municipal Court in Prague,1/1,036215ZI/XXXX
59901/2015,Regional Court in Ceske Budejovice,1/1,556117OB/XXXX
21202/2017,Regional Court in Usti nad Labem,1/1,00521742/XXXX
69920/2018,Regional Court in Hradec Kralove,1/1,69102340/XXXX
55519/2017,Regional Court in Ostrava,1/1,94051724/XXXX
55519/2017,Regional Court in Ostrava,2/2,6809046E/XXXX
89407/2017,Regional Court in Ceske Budejovice,1/1,010318PW/XXXX
96140/2017,Regional Court in Pilsen,1/1,795924GN/XXXX
40562/2016,Regional Court in Ostrava,1/1,750125HZ/XXXX
34586/2018,Regional Court in Brno,1/1,686203KU/XXXX
34586/2018,Regional Court in Brno,2/2,045220J2/XXXX
86561/2018,Regional Court in Prague,1/1,030110X2/XXXX
86561/2018,Regional Court in Prague,2/2,025923E9/XXXX
45062/2018,Regional Court in Prague,1/1,800503PW/XXXX
33275/2017,Regional Court in Usti nad Labem,1/1,9860037Q/XXXX
58961/2015,Regional Court in Brno,1/1,015422N9/XXXX
40992/2016,Regional Court in Usti nad Labem,1/1,895407YX/XXXX
92295/2014,Regional Court in Prague,1/1,005213HN/XXXX
25434/2018,Regional Court in Ceske Budejovice,1/1,000108XJ/XXXX
66700/2017,Regional Court in Prague,1/1,795118HE/XXXX
41944/2015,Regional Court in Prague,1/1,686105YC/XXXX
41944/2015,Regional Court in Prague,2/2,8803149A/XXXX
55269/2017,Regional Court in Usti nad Labem,1/1,025325C6/XXXX
55269/2017,Regional Court in Usti nad Labem,2/2,946009EE/XXXX
63108/2015,Regional Court in Pilsen,1/1,555514EC/XXXX
80682/2016,Regional Court in Usti nad Labem,1/1,946219YX/XXXX
6144/2016,Regional Court in Ostrava,1/1,000410SP/XXXX
15833/2016,Regional Court in Usti nad Labem,1/1,040313QK/XXXX
59903/2015,Regional Court in Prague,1/1,046006OZ/XXXX
59491/2016,Regional Court in Usti nad Labem,1/1,015120G0/XXXX
1861/2016,Regional Court in Hradec Kralove,1/1,040402B9/XXXX
15272/2016,Municipal Court in Prague,1/1,046123ZB/XXXX
57010/2018,Regional Court in Usti nad Labem,1/1,626228HL/XXXX
57010/2018,Regional Court in Usti nad Labem,2/2,99042036/XXXX
35034/2016,Regional Court in Usti nad Labem,1/1,631019VX/XXXX
16456/2014,Regional Court in Pilsen,1/1,035702LM/XXXX
43457/2016,Regional Court in Ceske Budejovice,1/1,8062191B/XXXX
44923/2018,Regional Court in Ceske Budejovice,1/1,000910KZ/XXXX
71028/2016,Regional Court in Pilsen,1/1,930228JK/XXXX
71028/2016,Regional Court in Pilsen,2/2,600808NS/XXXX
66543/2016,Regional Court in Usti nad Labem,1/1,885525K9/XXXX
78894/2018,Regional Court in Hradec Kralove,1/1,005925J1/XXXX
78894/2018,Regional Court in Hradec Kralove,2/2,680607CI/XXXX
68378/2014,Regional Court in Hradec Kralove,1/1,720323IF/XXXX
56897/2014,Municipal Court in Prague,1/1,031012JL/XXXX
62000/2016,Regional Court in Hradec Kralove,1/1,940512PB/XXXX
46693/2016,Regional Court in Prague,1/1,6156184J/XXXX
78459/2016,Regional Court in Usti nad Labem,1/1,020923FB/XXXX
79415/2016,Regional Court in Pilsen,1/1,03061635/XXXX
42497/2016,Regional Court in Prague,1/1,03121250/XXXX
15378/2017,Regional Court in Ostrava,1/1,991013KO/XXXX
15378/2017,Regional Court in Ostrava,2/2,686106U8/XXXX
19873/2014,Regional Court in Hradec Kralove,1/1,630205QT/XXXX
1973/2015,Regional Court in Pilsen,1/1,870514YN/XXXX
99380/2017,Regional Court in Ceske Budejovice,1/1,945208U4/XXXX
62503/2016,Regional Court in Ceske Budejovice,1/1,7355062J/XXXX
38593/2018,Regional Court in Hradec Kralove,1/1,725505HH/XXXX
23989/2017,Regional Court in Brno,1/1,88011159/XXXX
85182/2017,Regional Court in Brno,1/1,840716JU/XXXX
89931/2018,Regional Court in Pilsen,1/1,000921MR/XXXX
99184/2016,Regional Court in Usti nad Labem,1/1,040622BK/XXXX
5461/2017,Regional Court in Brno,1/1,01602177/XXXX
34205/2018,Regional Court in Usti nad Labem,1/1,840525RK/XXXX
27302/2015,Municipal Court in Prague,1/1,645925RD/XXXX
84930/2018,Regional Court in Prague,1/1,646211P0/XXXX
48044/2015,Regional Court in Ceske Budejovice,1/1,965212YL/XXXX
14994/2015,Regional Court in Pilsen,1/1,955824C8/XXXX
59891/2016,Regional Court in Usti nad Labem,1/1,766202P7/XXXX
59891/2016,Regional Court in Usti nad Labem,2/2,045822Y9/XXXX
2882/2015,Regional Court in Hradec Kralove,1/1,615820A4/XXXX
89918/2018,Regional Court in Ostrava,1/1,045311D2/XXXX
32934/2016,Regional Court in Prague,1/1,956013A1/XXXX
32934/2016,Regional Court in Prague,2/2,550303IQ/XXXX
5931/2018,Regional Court in Hradec Kralove,1/1,001127JM/XXXX
67524/2018,Regional Court in Ostrava,1/1,02010779/XXXX
60394/2015,Regional Court in Hradec Kralove,1/1,0103261V/XXXX
97698/2016,Municipal Court in Prague,1/1,005819V3/XXXX
17673/2018,Regional Court in Prague,1/1,620815QA/XXXX
69389/2018,Municipal Court in Prague,1/1,030501RF/XXXX
62689/2016,Municipal Court in Prague,1/1,8008266S/XXXX
12892/2015,Regional Court in Hradec Kralove,1/1,8410241T/XXXX
70588/2016,Regional Court in Usti nad Labem,1/1,945919D5/XXXX
48916/2016,Regional Court in Hradec Kralove,1/1,041225D8/XXXX
30548/2015,Regional Court in Usti nad Labem,1/1,8205024N/XXXX
89251/2016,Regional Court in Brno,1/1,00041555/XXXX
89251/2016,Regional Court in Brno,2/2,595206H7/XXXX
3815/2016,Regional Court in Usti nad Labem,1/1,015921LQ/XXXX
18295/2016,Regional Court in Brno,1/1,015812I3/XXXX
18295/2016,Regional Court in Brno,2/2,656006YI/XXXX
74726/2015,Regional Court in Prague,1/1,010615YA/XXXX
67507/2014,Regional Court in Usti nad Labem,1/1,7310229S/XXXX
29883/2014,Regional Court in Hradec Kralove,1/1,965419XE/XXXX
52697/2018,Regional Court in Ostrava,1/1,006112P9/XXXX
59224/2014,Regional Court in Usti nad Labem,1/1,656214Q8/XXXX
54668/2017,Municipal Court in Prague,1/1,8462198C/XXXX
30428/2016,Regional Court in Usti nad Labem,1/1,9561167I/XXXX
98722/2018,Municipal Court in Prague,1/1,711122U7/XXXX
22405/2018,Regional Court in Prague,1/1,025110IX/XXXX
42446/2015,Regional Court in Brno,1/1,981223N6/XXXX
42446/2015,Regional Court in Brno,2/2,640105XI/XXXX
91394/2018,Regional Court in Ceske Budejovice,1/1,9012257Q/XXXX
91394/2018,Regional Court in Ceske Budejovice,2/2,635116MJ/XXXX
16544/2017,Municipal Court in Prague,1/1,690505D8/XXXX
87479/2015,Municipal Court in Prague,1/1,715103J0/XXXX
76989/2018,Regional Court in Ostrava,1/1,94541746/XXXX
13934/2016,Regional Court in Ostrava,1/1,030623BS/XXXX
13934/2016,Regional Court in Ostrava,2/2,770714DW/XXXX
6322/2017,Regional Court in Ceske Budejovice,1/1,841024JS/XXXX
2675/2018,Regional Court in Brno,1/1,83092257/XXXX
2675/2018,Regional Court in Brno,2/2,925224A4/XXXX
77273/2015,Regional Court in Usti nad Labem,1/1,030616PV/XXXX
9942/2014,Regional Court in Usti nad Labem,1/1,9361119J/XXXX
67164/2015,Regional Court in Ceske Budejovice,1/1,0451252R/XXXX
93544/2017,Regional Court in Usti nad Labem,1/1,7958257V/XXXX
50518/2016,Regional Court in Ceske Budejovice,1/1,02510128/XXXX
33455/2016,Regional Court in Hradec Kralove,1/1,995228J7/XXXX
35946/2017,Regional Court in Ostrava,1/1,755719OK/XXXX
27444/2015,Regional Court in Ostrava,1/1,040410G3/XXXX
75242/2017,Regional Court in Brno,1/1,591127JW/XXXX
75242/2017,Regional Court in Brno,2/2,890607QP/XXXX
98282/2016,Regional Court in Hradec Kralove,1/1,0457193X/XXXX
98282/2016,Regional Court in Hradec Kralove,2/2,705324JR/XXXX
54197/2015,Regional Court in Hradec Kralove,1/1,745816ZR/XXXX
95696/2015,Regional Court in Ostrava,1/1,005620J4/XXXX
69846/2018,Regional Court in Ostrava,1/1,620611OF/XXXX
65272/2015,Regional Court in Ceske Budejovice,1/1,890716FH/XXXX
97921/2018,Regional Court in Hradec Kralove,1/1,010518OJ/XXXX
34493/2018,Regional Court in Pilsen,1/1,020428AS/XXXX
44610/2017,Regional Court in Ostrava,1/1,011209W4/XXXX
18837/2017,Regional Court in Usti nad Labem,1/1,915204AF/XXXX
35167/2016,Regional Court in Usti nad Labem,1/1,730403QN/XXXX
26987/2018,Regional Court in Ostrava,1/1,940720G9/XXXX
35891/2015,Regional Court in Prague,1/1,681007IC/XXXX
77402/2016,Regional Court in Brno,1/1,635623PD/XXXX
88921/2018,Regional Court in Ostrava,1/1,000109WO/XXXX
88921/2018,Regional Court in Ostrava,2/2,7853182B/XXXX
17760/2015,Regional Court in Brno,1/1,780710GG/XXXX
58670/2018,Regional Court in Hradec Kralove,1/1,575809AT/XXXX
38239/2015,Municipal Court in Prague,1/1,726022D0/XXXX
90300/2018,Municipal Court in Prague,1/1,61560515/XXXX
90300/2018,Municipal Court in Prague,2/2,035821H0/XXXX
10269/2016,Municipal Court in Prague,1/1,710308P5/XXXX
97454/2015,Regional Court in Usti nad Labem,1/1,0156226N/XXXX
97454/2015,Regional Court in Usti nad Labem,2/2,790809R5/XXXX
21325/2015,Regional Court in Hradec Kralove,1/1,000515R5/XXXX
21325/2015,Regional Court in Hradec Kralove,2/2,640322JF/XXXX
61903/2016,Regional Court in Pilsen,1/1,711003W1/XXXX
88852/2017,Regional Court in Pilsen,1/1,6604065G/XXXX
98549/2016,Regional Court in Hradec Kralove,1/1,040623PJ/XXXX
86016/2018,Regional Court in Prague,1/1,045403JT/XXXX
59918/2018,Regional Court in Pilsen,1/1,03511106/XXXX
95976/2016,Regional Court in Ceske Budejovice,1/1,0304233X/XXXX
46451/2016,Regional Court in Ostrava,1/1,675812SE/XXXX
62908/2017,Regional Court in Brno,1/1,0212245U/XXXX
62908/2017,Regional Court in Brno,2/2,935804QV/XXXX
66991/2017,Regional Court in Prague,1/1,945404ZE/XXXX
60917/2018,Regional Court in Pilsen,1/1,0410266Z/XXXX
60917/2018,Regional Court in Pilsen,2/2,955228DN/XXXX
19058/2015,Regional Court in Brno,1/1,005427UL/XXXX
30908/2017,Regional Court in Ceske Budejovice,1/1,035926N1/XXXX
87530/2014,Regional Court in Usti nad Labem,1/1,045514PZ/XXXX
87530/2014,Regional Court in Usti nad Labem,2/2,020601HX/XXXX
86033/2017,Regional Court in Usti nad Labem,1/1,575911O8/XXXX
71770/2014,Regional Court in Ostrava,1/1,0359043N/XXXX
98748/2016,Regional Court in Prague,1/1,041008MJ/XXXX
98748/2016,Regional Court in Prague,2/2,046105OX/XXXX
18047/2014,Regional Court in Pilsen,1/1,885719ZX/XXXX
22344/2017,Regional Court in Pilsen,1/1,016217X7/XXXX
16842/2017,Regional Court in Pilsen,1/1,625610NJ/XXXX
1273/2015,Regional Court in Usti nad Labem,1/1,035819JS/XXXX
12706/2015,Regional Court in Usti nad Labem,1/1,690711Y2/XXXX
12706/2015,Regional Court in Usti nad Labem,2/2,021103A1/XXXX
3446/2015,Regional Court in Pilsen,1/1,560526DF/XXXX
4153/2016,Regional Court in Prague,1/1,625218AI/XXXX
4153/2016,Regional Court in Prague,2/2,605310QA/XXXX
50219/2016,Regional Court in Brno,1/1,701019FV/XXXX
50219/2016,Regional Court in Brno,2/2,620502KT/XXXX
14305/2017,Regional Court in Ceske Budejovice,1/1,021014S5/XXXX
73764/2018,Regional Court in Ostrava,1/1,945521A0/XXXX
6961/2017,Regional Court in Ceske Budejovice,1/1,60072378/XXXX
99657/2018,Regional Court in Hradec Kralove,1/1,025607TL/XXXX
65091/2017,Regional Court in Usti nad Labem,1/1,000901S7/XXXX
26295/2015,Regional Court in Pilsen,1/1,726123MC/XXXX
93663/2015,Regional Court in Ostrava,1/1,035228HW/XXXX
96538/2018,Regional Court in Ostrava,1/1,046009ZT/XXXX
96538/2018,Regional Court in Ostrava,2/2,986102KR/XXXX
70784/2014,Regional Court in Ostrava,1/1,6060261E/XXXX
83090/2016,Municipal Court in Prague,1/1,8504113L/XXXX
83090/2016,Municipal Court in Prague,2/2,591020S6/XXXX
40514/2018,Regional Court in Pilsen,1/1,585902IO/XXXX
57112/2016,Regional Court in Pilsen,1/1,980115XL/XXXX
57112/2016,Regional Court in Pilsen,2/2,5510234C/XXXX
17735/2015,Municipal Court in Prague,1/1,025519Y9/XXXX
8512/2017,Regional Court in Hradec Kralove,1/1,000712CC/XXXX
44403/2018,Regional Court in Hradec Kralove,1/1,740711A6/XXXX
44403/2018,Regional Court in Hradec Kralove,2/2,0058080E/XXXX
1881/2016,Regional Court in Pilsen,1/1,625310SC/XXXX
24401/2016,Regional Court in Ceske Budejovice,1/1,6151278O/XXXX
82684/2018,Regional Court in Ostrava,1/1,640326CC/XXXX
82684/2018,Regional Court in Ostrava,2/2,021014F2/XXXX
28425/2018,Regional Court in Ostrava,1/1,040206WO/XXXX
63096/2016,Regional Court in Ostrava,1/1,046102DE/XXXX
12013/2017,Regional Court in Prague,1/1,570817LR/XXXX
48067/2015,Regional Court in Hradec Kralove,1/1,896103HE/XXXX
48067/2015,Regional Court in Hradec Kralove,2/2,575907LC/XXXX
40252/2017,Regional Court in Brno,1/1,0360250U/XXXX
73432/2015,Regional Court in Ceske Budejovice,1/1,600628CR/XXXX
41051/2015,Regional Court in Ostrava,1/1,025608QR/XXXX
41051/2015,Regional Court in Ostrava,2/2,990910K1/XXXX
51650/2018,Municipal Court in Prague,1/1,0361105A/XXXX
27986/2018,Regional Court in Pilsen,1/1,5806170A/XXXX
18030/2018,Regional Court in Ostrava,1/1,035320JC/XXXX
18030/2018,Regional Court in Ostrava,2/2,0204019S/XXXX
97638/2016,Regional Court in Ceske Budejovice,1/1,021227JP/XXXX
75529/2018,Regional Court in Prague,1/1,650521YI/XXXX
14791/2018,Municipal Court in Prague,1/1,650507W2/XXXX
16031/2016,Municipal Court in Prague,1/1,03581545/XXXX
24230/2018,Regional Court in Hradec Kralove,1/1,5911250H/XXXX
84203/2015,Regional Court in Usti nad Labem,1/1,000723JS/XXXX
84203/2015,Regional Court in Usti nad Labem,2/2,795408NF/XXXX
88046/2015,Regional Court in Ostrava,1/1,615611ZC/XXXX
52011/2016,Regional Court in Brno,1/1,026120N2/XXXX
75606/2017,Regional Court in Usti nad Labem,1/1,0311258L/XXXX
66984/2016,Regional Court in Usti nad Labem,1/1,940210FR/XXXX
96067/2017,Regional Court in Prague,1/1,020309K2/XXXX
88163/2015,Regional Court in Ceske Budejovice,1/1,011028OX/XXXX
88163/2015,Regional Court in Ceske Budejovice,2/2,555228V4/XXXX
41824/2014,Regional Court in Usti nad Labem,1/1,935410IS/XXXX
21431/2016,Regional Court in Usti nad Labem,1/1,7907285J/XXXX
21431/2016,Regional Court in Usti nad Labem,2/2,660513TJ/XXXX
96730/2014,Regional Court in Ostrava,1/1,031212OV/XXXX
99510/2017,Regional Court in Ostrava,1/1,9906233O/XXXX
88251/2017,Municipal Court in Prague,1/1,985309FA/XXXX
56436/2016,Regional Court in Prague,1/1,045922OJ/XXXX
99079/2015,Regional Court in Prague,1/1,0351044Q/XXXX
60069/2015,Regional Court in Ostrava,1/1,665409QS/XXXX
64595/2014,Regional Court in Prague,1/1,55611926/XXXX
45967/2016,Regional Court in Hradec Kralove,1/1,0307203M/XXXX
45967/2016,Regional Court in Hradec Kralove,2/2,000828P8/XXXX
84633/2016,Regional Court in Prague,1/1,780126KS/XXXX
84633/2016,Regional Court in Prague,2/2,945212RU/XXXX
89219/2018,Regional Court in Brno,1/1,830216YF/XXXX
89219/2018,Regional Court in Brno,2/2,9762036R/XXXX
84040/2017,Regional Court in Ostrava,1/1,0160254L/XXXX
16163/2018,Regional Court in Prague,1/1,9254247N/XXXX
90037/2016,Regional Court in Brno,1/1,045404P0/XXXX
90037/2016,Regional Court in Brno,2/2,640527EV/XXXX
29272/2017,Regional Court in Hradec Kralove,1/1,760327DE/XXXX
63052/2016,Regional Court in Pilsen,1/1,881210IC/XXXX
63052/2016,Regional Court in Pilsen,2/2,6103113J/XXXX
48477/2015,Regional Court in Hradec Kralove,1/1,010714A3/XXXX
53952/2018,Regional Court in Hradec Kralove,1/1,746220BO/XXXX
65122/2015,Municipal Court in Prague,1/1,921019UH/XXXX
43628/2015,Regional Court in Prague,1/1,0107271P/XXXX
99763/2018,Regional Court in Hradec Kralove,1/1,011023B0/XXXX
12090/2015,Regional Court in Usti nad Labem,1/1,8903140F/XXXX
12090/2015,Regional Court in Usti nad Labem,2/2,045522YS/XXXX
5814/2017,Municipal Court in Prague,1/1,016018DM/XXXX
89673/2016,Regional Court in Ostrava,1/1,591124HC/XXXX
36405/2018,Regional Court in Brno,1/1,5956215N/XXXX
41180/2015,Regional Court in Usti nad Labem,1/1,771219IZ/XXXX
91001/2017,Regional Court in Brno,1/1,796024H3/XXXX
37152/2018,Regional Court in Ceske Budejovice,1/1,0105215J/XXXX
37152/2018,Regional Court in Ceske Budejovice,2/2,6061034F/XXXX
63869/2016,Regional Court in Usti nad Labem,1/1,041204P0/XXXX
70220/2017,Regional Court in Ostrava,1/1,656125XE/XXXX
15841/2016,Regional Court in Prague,1/1,000510UI/XXXX
61693/2018,Municipal Court in Prague,1/1,551015LJ/XXXX
61693/2018,Municipal Court in Prague,2/2,66571206/XXXX
30634/2015,Regional Court in Hradec Kralove,1/1,665926H6/XXXX
6276/2015,Regional Court in Prague,1/1,575322CU/XXXX
66779/2017,Regional Court in Ostrava,1/1,01020418/XXXX
11828/2016,Regional Court in Brno,1/1,875308H7/XXXX
25729/2017,Regional Court in Hradec Kralove,1/1,010205P2/XXXX
25729/2017,Regional Court in Hradec Kralove,2/2,645701C5/XXXX
15425/2016,Municipal Court in Prague,1/1,8154113B/XXXX
48655/2015,Regional Court in Ostrava,1/1,045311NN/XXXX
6379/2017,Regional Court in Hradec Kralove,1/1,010423S6/XXXX
17755/2016,Regional Court in Prague,1/1,900612S7/XXXX
38965/2015,Regional Court in Ostrava,1/1,011227PV/XXXX
21971/2015,Regional Court in Prague,1/1,870817XG/XXXX
37406/2014,Regional Court in Prague,1/1,01541870/XXXX
37406/2014,Regional Court in Prague,2/2,020603ZG/XXXX
3049/2018,Regional Court in Prague,1/1,040224OG/XXXX
49318/2015,Regional Court in Usti nad Labem,1/1,840327BC/XXXX
56888/2015,Regional Court in Prague,1/1,00121780/XXXX
36082/2015,Regional Court in Usti nad Labem,1/1,550218L5/XXXX
72252/2017,Regional Court in Brno,1/1,730217Q9/XXXX
91015/2018,Regional Court in Hradec Kralove,1/1,6502086I/XXXX
91015/2018,Regional Court in Hradec Kralove,2/2,00560329/XXXX
66437/2016,Regional Court in Prague,1/1,00012899/XXXX
24838/2014,Regional Court in Ostrava,1/1,856214L8/XXXX
77148/2018,Regional Court in Pilsen,1/1,011203FN/XXXX
73286/2015,Regional Court in Prague,1/1,69012487/XXXX
73286/2015,Regional Court in Prague,2/2,031201RN/XXXX
33118/2015,Regional Court in Prague,1/1,0103168X/XXXX
5209/2015,Regional Court in Ostrava,1/1,805722TZ/XXXX
98404/2016,Regional Court in Ostrava,1/1,6612184T/XXXX
80061/2014,Municipal Court in Prague,1/1,6559044D/XXXX
41449/2014,Regional Court in Brno,1/1,805907KP/XXXX
4104/2016,Regional Court in Usti nad Labem,1/1,0055069T/XXXX
96514/2018,Regional Court in Ceske Budejovice,1/1,030311IN/XXXX
66211/2018,Regional Court in Ceske Budejovice,1/1,0259285V/XXXX
61390/2014,Regional Court in Usti nad Labem,1/1,8311057V/XXXX
59994/2014,Regional Court in Pilsen,1/1,041102FZ/XXXX
46735/2018,Regional Court in Hradec Kralove,1/1,030203B6/XXXX
15984/2015,Regional Court in Usti nad Labem,1/1,855321DK/XXXX
90610/2014,Regional Court in Ostrava,1/1,645209P5/XXXX
57168/2015,Municipal Court in Prague,1/1,770716UY/XXXX
43432/2017,Regional Court in Hradec Kralove,1/1,020105T9/XXXX
84138/2018,Regional Court in Ostrava,1/1,681207QY/XXXX
48683/2018,Regional Court in Pilsen,1/1,621216TQ/XXXX
22319/2016,Regional Court in Ceske Budejovice,1/1,03611065/XXXX
88518/2016,Regional Court in Usti nad Labem,1/1,8459137C/XXXX
41291/2015,Regional Court in Hradec Kralove,1/1,70011420/XXXX
41291/2015,Regional Court in Hradec Kralove,2/2,046220KL/XXXX
17891/2018,Regional Court in Ceske Budejovice,1/1,035617AR/XXXX
17891/2018,Regional Court in Ceske Budejovice,2/2,015904PG/XXXX
11324/2017,Regional Court in Ostrava,1/1,036121MB/XXXX
37040/2017,Regional Court in Hradec Kralove,1/1,925204T7/XXXX
55230/2014,Regional Court in Usti nad Labem,1/1,980713KS/XXXX
81478/2018,Regional Court in Pilsen,1/1,7152071Y/XXXX
91649/2015,Municipal Court in Prague,1/1,605623ZI/XXXX
91649/2015,Municipal Court in Prague,2/2,035913CG/XXXX
64941/2018,Regional Court in Ostrava,1/1,0256206O/XXXX
85554/2015,Regional Court in Usti nad Labem,1/1,620326KR/XXXX
85554/2015,Regional Court in Usti nad Labem,2/2,590422NN/XXXX
31493/2016,Regional Court in Usti nad Labem,1/1,045404ZH/XXXX
36968/2018,Regional Court in Ceske Budejovice,1/1,756013F1/XXXX
85512/2018,Municipal Court in Prague,1/1,036210HK/XXXX
50008/2018,Regional Court in Prague,1/1,555304KR/XXXX
50008/2018,Regional Court in Prague,2/2,7859013G/XXXX
61384/2015,Regional Court in Prague,1/1,925721S7/XXXX
39828/2016,Municipal Court in Prague,1/1,016121D4/XXXX
78401/2014,Regional Court in Prague,1/1,7412159W/XXXX
9996/2015,Regional Court in Pilsen,1/1,9161049T/XXXX
73129/2016,Regional Court in Brno,1/1,875717L3/XXXX
24153/2015,Regional Court in Prague,1/1,8202223F/XXXX
54026/2018,Regional Court in Usti nad Labem,1/1,025807AD/XXXX
23312/2018,Regional Court in Hradec Kralove,1/1,845301UR/XXXX
6921/2018,Regional Court in Pilsen,1/1,010917A9/XXXX
6921/2018,Regional Court in Pilsen,2/2,760816MY/XXXX
88023/2017,Regional Court in Ostrava,1/1,000522X1/XXXX
88023/2017,Regional Court in Ostrava,2/2,696105MV/XXXX
15146/2018,Regional Court in Pilsen,1/1,030906GM/XXXX
15146/2018,Regional Court in Pilsen,2/2,810510C2/XXXX
90853/2018,Regional Court in Ceske Budejovice,1/1,731018AJ/XXXX
47170/2016,Municipal Court in Prague,1/1,775526WZ/XXXX
33601/2014,Regional Court in Ostrava,1/1,610510JB/XXXX
33601/2014,Regional Court in Ostrava,2/2,021005CG/XXXX
58264/2015,Regional Court in Usti nad Labem,1/1,041123MT/XXXX
40634/2014,Regional Court in Prague,1/1,940919I3/XXXX
40634/2014,Regional Court in Prague,2/2,801101TX/XXXX
16917/2017,Regional Court in Ostrava,1/1,001207X9/XXXX
1004/2017,Regional Court in Prague,1/1,700404U1/XXXX
87266/2018,Regional Court in Hradec Kralove,1/1,015327FA/XXXX
51570/2016,Regional Court in Brno,1/1,825301IT/XXXX
2195/2018,Regional Court in Pilsen,1/1,045412XO/XXXX
2195/2018,Regional Court in Pilsen,2/2,640621LT/XXXX
87372/2016,Regional Court in Pilsen,1/1,9709098K/XXXX
90040/2017,Regional Court in Ceske Budejovice,1/1,010206OQ/XXXX
4861/2017,Regional Court in Hradec Kralove,1/1,035321ZC/XXXX
4861/2017,Regional Court in Hradec Kralove,2/2,985508CA/XXXX
1686/2014,Regional Court in Prague,1/1,595606XV/XXXX
10288/2016,Regional Court in Hradec Kralove,1/1,615216E3/XXXX
68863/2014,Regional Court in Ceske Budejovice,1/1,5809237U/XXXX
68863/2014,Regional Court in Ceske Budejovice,2/2,000111QG/XXXX
74905/2015,Municipal Court in Prague,1/1,000603Q5/XXXX
74905/2015,Municipal Court in Prague,2/2,63052426/XXXX
26712/2018,Municipal Court in Prague,1/1,0009163O/XXXX
26381/2018,Regional Court in Brno,1/1,601001EQ/XXXX
6730/2015,Regional Court in Prague,1/1,020320PU/XXXX
73273/2017,Regional Court in Ostrava,1/1,720623YW/XXXX
49809/2017,Regional Court in Prague,1/1,701215T7/XXXX
3470/2018,Regional Court in Pilsen,1/1,685706RY/XXXX
3470/2018,Regional Court in Pilsen,2/2,895601LG/XXXX
89862/2016,Regional Court in Usti nad Labem,1/1,821024XG/XXXX
39774/2018,Regional Court in Usti nad Labem,1/1,025522G0/XXXX
63941/2016,Regional Court in Ostrava,1/1,920209ZK/XXXX
81995/2017,Regional Court in Prague,1/1,016117SK/XXXX
47312/2017,Regional Court in Ostrava,1/1,615217S7/XXXX
38104/2014,Regional Court in Pilsen,1/1,025721NU/XXXX
94817/2015,Regional Court in Brno,1/1,02041329/XXXX
94817/2015,Regional Court in Brno,2/2,005208WZ/XXXX
32985/2015,Regional Court in Ceske Budejovice,1/1,0108117F/XXXX
75624/2016,Regional Court in Pilsen,1/1,0107228G/XXXX
75624/2016,Regional Court in Pilsen,2/2,620214QW/XXXX
98367/2017,Regional Court in Ostrava,1/1,00120648/XXXX
45124/2014,Regional Court in Ostrava,1/1,000224MS/XXXX
67764/2017,Regional Court in Ceske Budejovice,1/1,021121TO/XXXX
67614/2016,Regional Court in Ceske Budejovice,1/1,7553052D/XXXX
67614/2016,Regional Court in Ceske Budejovice,2/2,945604MI/XXXX
80451/2018,Regional Court in Brno,1/1,010207ZW/XXXX
27626/2018,Municipal Court in Prague,1/1,830905TI/XXXX
11363/2017,Regional Court in Ostrava,1/1,655911HT/XXXX
69327/2014,Regional Court in Usti nad Labem,1/1,0011210F/XXXX
27027/2017,Regional Court in Brno,1/1,6851144V/XXXX
46705/2017,Regional Court in Prague,1/1,740410VV/XXXX
87824/2018,Regional Court in Brno,1/1,005623P8/XXXX
54609/2015,Regional Court in Prague,1/1,750713SR/XXXX
22828/2016,Regional Court in Ceske Budejovice,1/1,9410118Y/XXXX
28585/2014,Municipal Court in Prague,1/1,895728EI/XXXX
70016/2018,Regional Court in Usti nad Labem,1/1,6555101E/XXXX
36389/2016,Regional Court in Usti nad Labem,1/1,815101Y9/XXXX
36389/2016,Regional Court in Usti nad Labem,2/2,035427JK/XXXX
54258/2015,Municipal Court in Prague,1/1,040908O1/XXXX
15280/2016,Regional Court in Pilsen,1/1,005218AD/XXXX
8724/2018,Regional Court in Usti nad Labem,1/1,765302KQ/XXXX
97951/2017,Regional Court in Ceske Budejovice,1/1,99521380/XXXX
97951/2017,Regional Court in Ceske Budejovice,2/2,01541572/XXXX
89694/2018,Regional Court in Usti nad Labem,1/1,0461069I/XXXX
18739/2018,Regional Court in Usti nad Labem,1/1,7507069U/XXXX
9751/2017,Regional Court in Hradec Kralove,1/1,950107HI/XXXX
11154/2017,Regional Court in Hradec Kralove,1/1,66551968/XXXX
81725/2015,Regional Court in Usti nad Labem,1/1,69040399/XXXX
16374/2016,Regional Court in Ceske Budejovice,1/1,035610XK/XXXX
33838/2016,Regional Court in Usti nad Labem,1/1,770301NT/XXXX
26668/2018,Regional Court in Ostrava,1/1,740604NG/XXXX
75996/2015,Municipal Court in Prague,1/1,041115VB/XXXX
75996/2015,Municipal Court in Prague,2/2,040202N1/XXXX
13776/2017,Municipal Court in Prague,1/1,046201LK/XXXX
13776/2017,Municipal Court in Prague,2/2,921212X0/XXXX
59117/2017,Municipal Court in Prague,1/1,0303210J/XXXX
16238/2017,Regional Court in Pilsen,1/1,7560211A/XXXX
16238/2017,Regional Court in Pilsen,2/2,780803FJ/XXXX
30617/2015,Regional Court in Brno,1/1,735523SG/XXXX
30617/2015,Regional Court in Brno,2/2,785625XS/XXXX
38839/2016,Regional Court in Usti nad Labem,1/1,720217DG/XXXX
5436/2017,Regional Court in Hradec Kralove,1/1,555314UL/XXXX
76492/2018,Regional Court in Pilsen,1/1,700524NL/XXXX
68135/2016,Municipal Court in Prague,1/1,04541988/XXXX
40489/2015,Regional Court in Ostrava,1/1,035224F9/XXXX
61749/2018,Regional Court in Hradec Kralove,1/1,6306258P/XXXX
80760/2018,Municipal Court in Prague,1/1,875120P4/XXXX
41775/2015,Regional Court in Prague,1/1,810306PX/XXXX
67449/2015,Regional Court in Prague,1/1,9757143J/XXXX
15637/2018,Regional Court in Ostrava,1/1,79110390/XXXX
15637/2018,Regional Court in Ostrava,2/2,045507WT/XXXX
4084/2016,Regional Court in Hradec Kralove,1/1,565811J2/XXXX
37004/2015,Regional Court in Ceske Budejovice,1/1,04601524/XXXX
40581/2016,Regional Court in Hradec Kralove,1/1,0262215R/XXXX
58271/2016,Regional Court in Pilsen,1/1,871102PB/XXXX
84211/2015,Regional Court in Pilsen,1/1,755403IT/XXXX
20893/2016,Regional Court in Usti nad Labem,1/1,990322OG/XXXX
40850/2017,Regional Court in Ceske Budejovice,1/1,005320AM/XXXX
80576/2018,Regional Court in Prague,1/1,685219IB/XXXX
80576/2018,Regional Court in Prague,2/2,030914MD/XXXX
30504/2016,Regional Court in Ceske Budejovice,1/1,830328BP/XXXX
30504/2016,Regional Court in Ceske Budejovice,2/2,765821B6/XXXX
11552/2017,Regional Court in Ceske Budejovice,1/1,021008AU/XXXX
23965/2016,Regional Court in Ostrava,1/1,6305031D/XXXX
44418/2014,Regional Court in Hradec Kralove,1/1,5901242Q/XXXX
44418/2014,Regional Court in Hradec Kralove,2/2,030226QG/XXXX
96046/2018,Regional Court in Usti nad Labem,1/1,046121SR/XXXX
32859/2017,Regional Court in Prague,1/1,966203TV/XXXX
32859/2017,Regional Court in Prague,2/2,020523SL/XXXX
49608/2015,Regional Court in Prague,1/1,651021JU/XXXX
77445/2015,Regional Court in Ostrava,1/1,871228XP/XXXX
23988/2015,Regional Court in Ceske Budejovice,1/1,005608JD/XXXX
48652/2018,Regional Court in Usti nad Labem,1/1,765903HZ/XXXX
33124/2015,Regional Court in Ostrava,1/1,930518H5/XXXX
13880/2017,Regional Court in Pilsen,1/1,950207U7/XXXX
15617/2014,Regional Court in Pilsen,1/1,046120T0/XXXX
45714/2015,Regional Court in Ceske Budejovice,1/1,830225BV/XXXX
84608/2018,Regional Court in Pilsen,1/1,610407JW/XXXX
21498/2017,Regional Court in Prague,1/1,656022AK/XXXX
47390/2015,Regional Court in Brno,1/1,915725Q0/XXXX
47390/2015,Regional Court in Brno,2/2,8106218T/XXXX
74396/2018,Regional Court in Brno,1/1,0305044F/XXXX
77823/2015,Regional Court in Ostrava,1/1,025912SI/XXXX
74641/2017,Regional Court in Ceske Budejovice,1/1,025917I1/XXXX
61398/2015,Regional Court in Pilsen,1/1,02552018/XXXX
3123/2018,Regional Court in Ceske Budejovice,1/1,020916IL/XXXX
99554/2017,Regional Court in Ostrava,1/1,0308249L/XXXX
39510/2018,Regional Court in Pilsen,1/1,6906149G/XXXX
94703/2018,Regional Court in Ostrava,1/1,01550661/XXXX
94703/2018,Regional Court in Ostrava,2/2,000318M4/XXXX
58624/2017,Municipal Court in Prague,1/1,680702SS/XXXX
65108/2017,Regional Court in Prague,1/1,0354075W/XXXX
48237/2018,Regional Court in Prague,1/1,9605085O/XXXX
48237/2018,Regional Court in Prague,2/2,721221K2/XXXX
97973/2014,Regional Court in Usti nad Labem,1/1,655706BX/XXXX
49913/2015,Regional Court in Pilsen,1/1,565601U2/XXXX
49913/2015,Regional Court in Pilsen,2/2,810118OX/XXXX
71349/2016,Regional Court in Pilsen,1/1,000516UG/XXXX
19690/2015,Regional Court in Prague,1/1,8055206F/XXXX
35960/2016,Regional Court in Ostrava,1/1,9753192O/XXXX
64016/2016,Municipal Court in Prague,1/1,045715DT/XXXX
34460/2016,Regional Court in Ostrava,1/1,031104LX/XXXX
46563/2017,Regional Court in Brno,1/1,005906PW/XXXX
70881/2018,Regional Court in Ceske Budejovice,1/1,045312A6/XXXX
53543/2014,Regional Court in Ostrava,1/1,0308118J/XXXX
22004/2015,Regional Court in Pilsen,1/1,010726AQ/XXXX
97948/2018,Regional Court in Prague,1/1,641109K0/XXXX
21142/2017,Regional Court in Hradec Kralove,1/1,020502OG/XXXX
96913/2016,Municipal Court in Prague,1/1,970827RQ/XXXX
33931/2016,Regional Court in Hradec Kralove,1/1,865419VE/XXXX
33931/2016,Regional Court in Hradec Kralove,2/2,001216ZO/XXXX
48277/2014,Regional Court in Usti nad Labem,1/1,0312242M/XXXX
83643/2015,Regional Court in Prague,1/1,006215GM/XXXX
83643/2015,Regional Court in Prague,2/2,7005153K/XXXX
46683/2016,Regional Court in Pilsen,1/1,605612YE/XXXX
46683/2016,Regional Court in Pilsen,2/2,606113KV/XXXX
3087/2015,Regional Court in Prague,1/1,040525ZY/XXXX
47373/2015,Regional Court in Brno,1/1,7310195K/XXXX
33158/2018,Regional Court in Ostrava,1/1,015110F1/XXXX
33158/2018,Regional Court in Ostrava,2/2,830718ZC/XXXX
48706/2017,Regional Court in Usti nad Labem,1/1,705618M4/XXXX
48706/2017,Regional Court in Usti nad Labem,2/2,990426Y8/XXXX
73623/2017,Regional Court in Hradec Kralove,1/1,585820SV/XXXX
73623/2017,Regional Court in Hradec Kralove,2/2,650118SZ/XXXX
94534/2018,Regional Court in Usti nad Labem,1/1,015707SJ/XXXX
71728/2018,Regional Court in Prague,1/1,040123M7/XXXX
71728/2018,Regional Court in Prague,2/2,590914AC/XXXX
76235/2014,Regional Court in Ostrava,1/1,0312168L/XXXX
27293/2014,Regional Court in Brno,1/1,0208256X/XXXX
75459/2016,Regional Court in Brno,1/1,011120VB/XXXX
82537/2018,Regional Court in Pilsen,1/1,0005106M/XXXX
59711/2017,Regional Court in Pilsen,1/1,700605FV/XXXX
59711/2017,Regional Court in Pilsen,2/2,7751166X/XXXX
53984/2015,Regional Court in Hradec Kralove,1/1,615618UO/XXXX
97895/2017,Regional Court in Hradec Kralove,1/1,035412Y3/XXXX
60930/2014,Regional Court in Prague,1/1,001207VD/XXXX
60930/2014,Regional Court in Prague,2/2,0007077I/XXXX
21437/2018,Regional Court in Pilsen,1/1,036119JD/XXXX
79660/2018,Regional Court in Pilsen,1/1,830322E4/XXXX
71288/2018,Regional Court in Pilsen,1/1,620727C5/XXXX
91913/2018,Regional Court in Prague,1/1,036205S2/XXXX
91913/2018,Regional Court in Prague,2/2,670424K2/XXXX
67269/2016,Regional Court in Ostrava,1/1,9762151S/XXXX
71028/2017,Regional Court in Pilsen,1/1,02060296/XXXX
5613/2018,Regional Court in Usti nad Labem,1/1,036021OI/XXXX
30339/2016,Regional Court in Ostrava,1/1,790506N1/XXXX
83116/2018,Regional Court in Prague,1/1,810824SS/XXXX
96591/2017,Regional Court in Ceske Budejovice,1/1,040712JD/XXXX
51369/2017,Regional Court in Prague,1/1,006207OB/XXXX
51369/2017,Regional Court in Prague,2/2,045321PC/XXXX
81258/2016,Regional Court in Ostrava,1/1,61020310/XXXX
77473/2016,Regional Court in Ostrava,1/1,6655106Z/XXXX
77473/2016,Regional Court in Ostrava,2/2,015704YQ/XXXX
20221/2018,Regional Court in Hradec Kralove,1/1,795813UA/XXXX
20221/2018,Regional Court in Hradec Kralove,2/2,020819BS/XXXX
52592/2015,Regional Court in Brno,1/1,016111I5/XXXX
52592/2015,Regional Court in Brno,2/2,035120QA/XXXX
57747/2017,Regional Court in Brno,1/1,036103LZ/XXXX
92338/2014,Regional Court in Hradec Kralove,1/1,825723L8/XXXX
4015/2018,Regional Court in Ostrava,1/1,59031249/XXXX
4015/2018,Regional Court in Ostrava,2/2,6002010L/XXXX
98788/2014,Regional Court in Prague,1/1,005114ED/XXXX
98788/2014,Regional Court in Prague,2/2,756117CU/XXXX
11427/2016,Regional Court in Ceske Budejovice,1/1,89600774/XXXX
56905/2016,Regional Court in Brno,1/1,556122GI/XXXX
89347/2017,Regional Court in Pilsen,1/1,980211N4/XXXX
42087/2016,Regional Court in Usti nad Labem,1/1,650123MQ/XXXX
50998/2018,Regional Court in Usti nad Labem,1/1,550726B9/XXXX
50998/2018,Regional Court in Usti nad Labem,2/2,610113U9/XXXX
66422/2015,Regional Court in Hradec Kralove,1/1,97011264/XXXX
21788/2014,Regional Court in Brno,1/1,0452208X/XXXX
33258/2014,Regional Court in Pilsen,1/1,756116HZ/XXXX
78704/2018,Regional Court in Prague,1/1,910801KW/XXXX
26320/2015,Regional Court in Pilsen,1/1,585808E0/XXXX
26320/2015,Regional Court in Pilsen,2/2,035905HK/XXXX
97402/2015,Regional Court in Usti nad Labem,1/1,7007140J/XXXX
97402/2015,Regional Court in Usti nad Labem,2/2,565121Q5/XXXX
80500/2016,Regional Court in Prague,1/1,565202KZ/XXXX
5526/2016,Regional Court in Usti nad Labem,1/1,0059028V/XXXX
45323/2017,Regional Court in Ostrava,1/1,805902XQ/XXXX
35177/2014,Regional Court in Ostrava,1/1,005121EU/XXXX
65517/2014,Regional Court in Usti nad Labem,1/1,5901072D/XXXX
83271/2015,Regional Court in Ceske Budejovice,1/1,045706CG/XXXX
14989/2015,Municipal Court in Prague,1/1,911224JD/XXXX
24713/2014,Municipal Court in Prague,1/1,036211TP/XXXX
24713/2014,Municipal Court in Prague,2/2,860818IF/XXXX
50993/2018,Regional Court in Brno,1/1,780421CR/XXXX
27825/2015,Regional Court in Ostrava,1/1,00080607/XXXX
29242/2014,Regional Court in Usti nad Labem,1/1,860727TQ/XXXX
27568/2017,Regional Court in Usti nad Labem,1/1,675423S0/XXXX
27568/2017,Regional Court in Usti nad Labem,2/2,910718VE/XXXX
96184/2016,Regional Court in Ostrava,1/1,025706PN/XXXX
34187/2018,Municipal Court in Prague,1/1,845825YA/XXXX
34187/2018,Municipal Court in Prague,2/2,950320LY/XXXX
1529/2014,Regional Court in Prague,1/1,011123LV/XXXX
91151/2017,Regional Court in Usti nad Labem,1/1,035327C0/XXXX
28426/2015,Regional Court in Pilsen,1/1,005101I7/XXXX
2385/2018,Regional Court in Hradec Kralove,1/1,685514U2/XXXX
47013/2016,Regional Court in Ceske Budejovice,1/1,0301165U/XXXX
47013/2016,Regional Court in Ceske Budejovice,2/2,7062276T/XXXX
90630/2017,Municipal Court in Prague,1/1,040803WB/XXXX
22331/2018,Regional Court in Brno,1/1,9803274C/XXXX
90526/2016,Regional Court in Prague,1/1,00020688/XXXX
84208/2016,Regional Court in Usti nad Labem,1/1,825923R4/XXXX
25483/2014,Municipal Court in Prague,1/1,025909U4/XXXX
49740/2017,Regional Court in Pilsen,1/1,970519X0/XXXX
73487/2015,Regional Court in Prague,1/1,011105W9/XXXX
54266/2018,Regional Court in Usti nad Labem,1/1,035107NP/XXXX
84275/2018,Regional Court in Hradec Kralove,1/1,5907201Q/XXXX
45758/2017,Regional Court in Ostrava,1/1,740817VO/XXXX
83460/2017,Municipal Court in Prague,1/1,875411KF/XXXX
25687/2017,Regional Court in Hradec Kralove,1/1,990507NY/XXXX
45220/2015,Regional Court in Usti nad Labem,1/1,700716HT/XXXX
34398/2014,Regional Court in Prague,1/1,045517QC/XXXX
34398/2014,Regional Court in Prague,2/2,036004UR/XXXX
72891/2018,Regional Court in Brno,1/1,98570723/XXXX
4008/2016,Regional Court in Prague,1/1,7954181A/XXXX
23746/2015,Regional Court in Hradec Kralove,1/1,975514OS/XXXX
23746/2015,Regional Court in Hradec Kralove,2/2,605723SS/XXXX
69673/2018,Regional Court in Ceske Budejovice,1/1,795820DN/XXXX
31263/2015,Regional Court in Usti nad Labem,1/1,0404214S/XXXX
36274/2016,Regional Court in Brno,1/1,650428XX/XXXX
69846/2017,Regional Court in Brno,1/1,825528BE/XXXX
69846/2017,Regional Court in Brno,2/2,59542853/XXXX
79988/2014,Regional Court in Ostrava,1/1,665904TZ/XXXX
67127/2016,Municipal Court in Prague,1/1,8553288F/XXXX
67127/2016,Municipal Court in Prague,2/2,040515FT/XXXX
38644/2018,Regional Court in Prague,1/1,030918PX/XXXX
54435/2017,Regional Court in Ceske Budejovice,1/1,570403NJ/XXXX
99349/2015,Regional Court in Usti nad Labem,1/1,011126JP/XXXX
55499/2018,Regional Court in Pilsen,1/1,955210N3/XXXX
55499/2018,Regional Court in Pilsen,2/2,035220IM/XXXX
98561/2014,Regional Court in Prague,1/1,686117N1/XXXX
64899/2015,Regional Court in Pilsen,1/1,041224W4/XXXX
26733/2015,Regional Court in Usti nad Labem,1/1,57511008/XXXX
5910/2018,Regional Court in Prague,1/1,840322V7/XXXX
98270/2017,Regional Court in Ceske Budejovice,1/1,971127XH/XXXX
78554/2018,Municipal Court in Prague,1/1,640908EF/XXXX
87885/2015,Regional Court in Hradec Kralove,1/1,035727R9/XXXX
38547/2016,Regional Court in Usti nad Labem,1/1,930619O5/XXXX
18495/2014,Regional Court in Prague,1/1,02111952/XXXX
65272/2018,Regional Court in Ostrava,1/1,040227I8/XXXX
88164/2014,Regional Court in Ostrava,1/1,870510PQ/XXXX
16429/2014,Municipal Court in Prague,1/1,590525LK/XXXX
93944/2017,Regional Court in Ceske Budejovice,1/1,650707M4/XXXX
59931/2018,Regional Court in Ostrava,1/1,036111B0/XXXX
68211/2014,Regional Court in Prague,1/1,0107020N/XXXX
97540/2016,Regional Court in Hradec Kralove,1/1,886020CR/XXXX
83187/2016,Regional Court in Pilsen,1/1,035820EK/XXXX
83187/2016,Regional Court in Pilsen,2/2,7105212E/XXXX
10975/2016,Regional Court in Pilsen,1/1,045701WJ/XXXX
10975/2016,Regional Court in Pilsen,2/2,031007YZ/XXXX
90795/2017,Regional Court in Prague,1/1,8551048G/XXXX
38850/2017,Regional Court in Brno,1/1,59020570/XXXX
71070/2016,Regional Court in Usti nad Labem,1/1,0252125M/XXXX
45839/2018,Regional Court in Prague,1/1,8511121L/XXXX
98602/2017,Regional Court in Ostrava,1/1,030925TO/XXXX
86028/2018,Regional Court in Ostrava,1/1,75080386/XXXX
84634/2018,Regional Court in Usti nad Labem,1/1,02512863/XXXX
97813/2016,Regional Court in Ceske Budejovice,1/1,02532358/XXXX
11333/2015,Regional Court in Prague,1/1,0459285Z/XXXX
98136/2014,Regional Court in Brno,1/1,045104U2/XXXX
75581/2015,Regional Court in Hradec Kralove,1/1,0354248A/XXXX
25582/2018,Regional Court in Usti nad Labem,1/1,946113CX/XXXX
1190/2015,Regional Court in Hradec Kralove,1/1,716205B7/XXXX
1190/2015,Regional Court in Hradec Kralove,2/2,57040824/XXXX
59598/2016,Regional Court in Brno,1/1,020614OX/XXXX
36900/2015,Regional Court in Pilsen,1/1,6551263T/XXXX
77871/2018,Regional Court in Ceske Budejovice,1/1,676228HU/XXXX
73318/2017,Regional Court in Pilsen,1/1,7809096H/XXXX
88614/2015,Regional Court in Brno,1/1,040321VX/XXXX
88614/2015,Regional Court in Brno,2/2,026225ZQ/XXXX
36643/2016,Regional Court in Usti nad Labem,1/1,041019M6/XXXX
44703/2016,Regional Court in Brno,1/1,0052198E/XXXX
72901/2014,Regional Court in Ostrava,1/1,0156042G/XXXX
81186/2014,Regional Court in Ostrava,1/1,041221F2/XXXX
14119/2018,Regional Court in Ostrava,1/1,020114MM/XXXX
21572/2017,Regional Court in Prague,1/1,685405IT/XXXX
40268/2016,Regional Court in Usti nad Labem,1/1,0158130A/XXXX
40268/2016,Regional Court in Usti nad Labem,2/2,9857045A/XXXX
73744/2015,Regional Court in Ceske Budejovice,1/1,041011SA/XXXX
73744/2015,Regional Court in Ceske Budejovice,2/2,040415RB/XXXX
61931/2015,Regional Court in Usti nad Labem,1/1,990302EY/XXXX
61931/2015,Regional Court in Usti nad Labem,2/2,85072183/XXXX
71459/2017,Regional Court in Brno,1/1,665114VD/XXXX
61410/2014,Regional Court in Usti nad Labem,1/1,00512501/XXXX
13879/2015,Regional Court in Ostrava,1/1,00112419/XXXX
79688/2014,Regional Court in Usti nad Labem,1/1,880205BI/XXXX
33192/2014,Regional Court in Hradec Kralove,1/1,8805179P/XXXX
76605/2016,Regional Court in Usti nad Labem,1/1,035114DF/XXXX
69920/2017,Regional Court in Usti nad Labem,1/1,585228PG/XXXX
33638/2017,Regional Court in Pilsen,1/1,046103PH/XXXX
96754/2017,Regional Court in Hradec Kralove,1/1,816205NX/XXXX
52102/2015,Regional Court in Ostrava,1/1,730106PE/XXXX
41334/2017,Regional Court in Pilsen,1/1,9159171E/XXXX
89300/2017,Regional Court in Usti nad Labem,1/1,005508DD/XXXX
19535/2016,Regional Court in Prague,1/1,0359157Y/XXXX
19535/2016,Regional Court in Prague,2/2,016003CV/XXXX
99309/2017,Regional Court in Ostrava,1/1,020704TW/XXXX
73055/2016,Regional Court in Pilsen,1/1,011213LU/XXXX
52348/2018,Regional Court in Hradec Kralove,1/1,58021047/XXXX
19257/2016,Municipal Court in Prague,1/1,655420W9/XXXX
98929/2015,Regional Court in Ceske Budejovice,1/1,765416PR/XXXX
27631/2018,Municipal Court in Prague,1/1,005705T4/XXXX
25039/2018,Regional Court in Ceske Budejovice,1/1,035725Z9/XXXX
32119/2018,Regional Court in Brno,1/1,0403142D/XXXX
7224/2017,Municipal Court in Prague,1/1,000510B1/XXXX
50265/2016,Regional Court in Hradec Kralove,1/1,041024T5/XXXX
50265/2016,Regional Court in Hradec Kralove,2/2,890619OF/XXXX
26487/2017,Regional Court in Ostrava,1/1,6905259R/XXXX
26487/2017,Regional Court in Ostrava,2/2,0057201Z/XXXX
29299/2017,Regional Court in Prague,1/1,041008KN/XXXX
92113/2014,Regional Court in Prague,1/1,645719MY/XXXX
2957/2014,Regional Court in Usti nad Labem,1/1,980325CX/XXXX
41729/2015,Regional Court in Ceske Budejovice,1/1,005316E0/XXXX
41729/2015,Regional Court in Ceske Budejovice,2/2,036013O4/XXXX
4340/2018,Regional Court in Usti nad Labem,1/1,9461095I/XXXX
7592/2017,Regional Court in Hradec Kralove,1/1,565815SI/XXXX
46160/2017,Regional Court in Hradec Kralove,1/1,031221UO/XXXX
12689/2015,Regional Court in Pilsen,1/1,650412P6/XXXX
12689/2015,Regional Court in Pilsen,2/2,035107A6/XXXX
42648/2018,Regional Court in Ostrava,1/1,020704CD/XXXX
39537/2014,Regional Court in Ostrava,1/1,720502FS/XXXX
25464/2017,Regional Court in Prague,1/1,031018B6/XXXX
56839/2017,Regional Court in Prague,1/1,015228WB/XXXX
56839/2017,Regional Court in Prague,2/2,030111ES/XXXX
20207/2015,Regional Court in Pilsen,1/1,0359055A/XXXX
20207/2015,Regional Court in Pilsen,2/2,0261065P/XXXX
97008/2015,Regional Court in Ceske Budejovice,1/1,001005KP/XXXX
5952/2018,Regional Court in Prague,1/1,011127YR/XXXX
5952/2018,Regional Court in Prague,2/2,0209108J/XXXX
24467/2017,Municipal Court in Prague,1/1,850418B1/XXXX
20649/2016,Regional Court in Pilsen,1/1,86122898/XXXX
20649/2016,Regional Court in Pilsen,2/2,036202YK/XXXX
52138/2018,Regional Court in Brno,1/1,0401017A/XXXX
47271/2017,Regional Court in Prague,1/1,701105YH/XXXX
47271/2017,Regional Court in Prague,2/2,0104186L/XXXX
51997/2015,Regional Court in Ostrava,1/1,920428EL/XXXX
69017/2014,Regional Court in Hradec Kralove,1/1,025120KV/XXXX
15836/2018,Municipal Court in Prague,1/1,670927LF/XXXX
15836/2018,Municipal Court in Prague,2/2,785413J5/XXXX
55982/2017,Regional Court in Prague,1/1,700715K2/XXXX
51191/2017,Regional Court in Prague,1/1,920916Z3/XXXX
74060/2018,Regional Court in Ostrava,1/1,580628WQ/XXXX
74060/2018,Regional Court in Ostrava,2/2,830510A8/XXXX
94411/2018,Regional Court in Brno,1/1,7460045R/XXXX
94411/2018,Regional Court in Brno,2/2,5501029J/XXXX
1730/2018,Municipal Court in Prague,1/1,951114ZB/XXXX
30109/2018,Regional Court in Usti nad Labem,1/1,02111490/XXXX
14875/2017,Regional Court in Usti nad Labem,1/1,6760050J/XXXX
4175/2017,Regional Court in Pilsen,1/1,601115BB/XXXX
5285/2015,Regional Court in Ceske Budejovice,1/1,971215OZ/XXXX
60921/2017,Regional Court in Prague,1/1,016021B1/XXXX
87146/2017,Regional Court in Usti nad Labem,1/1,905905FA/XXXX
87146/2017,Regional Court in Usti nad Labem,2/2,706028YD/XXXX
29687/2017,Regional Court in Ostrava,1/1,566011GG/XXXX
22245/2017,Regional Court in Pilsen,1/1,0359167D/XXXX
96172/2018,Regional Court in Pilsen,1/1,570525ZV/XXXX
96172/2018,Regional Court in Pilsen,2/2,030917WS/XXXX
6300/2018,Regional Court in Ostrava,1/1,796103K7/XXXX
76653/2014,Regional Court in Prague,1/1,0211015J/XXXX
11832/2017,Regional Court in Ostrava,1/1,62031339/XXXX
12696/2017,Regional Court in Usti nad Labem,1/1,6651042S/XXXX
57550/2014,Regional Court in Ceske Budejovice,1/1,665821JX/XXXX
2145/2015,Regional Court in Brno,1/1,93551381/XXXX
29130/2017,Municipal Court in Prague,1/1,99101616/XXXX
18083/2016,Regional Court in Brno,1/1,015105U3/XXXX
95219/2017,Municipal Court in Prague,1/1,925114E8/XXXX
38415/2015,Regional Court in Usti nad Labem,1/1,785716SN/XXXX
33256/2016,Regional Court in Prague,1/1,71081407/XXXX
37198/2015,Regional Court in Pilsen,1/1,8851180X/XXXX
26622/2017,Regional Court in Pilsen,1/1,585823EL/XXXX
23935/2016,Regional Court in Usti nad Labem,1/1,825312YX/XXXX
27262/2016,Regional Court in Ostrava,1/1,035527RP/XXXX
35865/2014,Municipal Court in Prague,1/1,76611914/XXXX
72287/2017,Regional Court in Ceske Budejovice,1/1,041228H0/XXXX
66130/2017,Regional Court in Hradec Kralove,1/1,0361084C/XXXX
66130/2017,Regional Court in Hradec Kralove,2/2,625713ZI/XXXX
23832/2017,Regional Court in Brno,1/1,995922I7/XXXX
71851/2016,Regional Court in Ceske Budejovice,1/1,6561221G/XXXX
71851/2016,Regional Court in Ceske Budejovice,2/2,045208NW/XXXX
78024/2018,Regional Court in Ceske Budejovice,1/1,590913GJ/XXXX
78024/2018,Regional Court in Ceske Budejovice,2/2,620812XW/XXXX
63168/2015,Municipal Court in Prague,1/1,0104135J/XXXX
88872/2015,Regional Court in Prague,1/1,801022U3/XXXX
65796/2014,Regional Court in Pilsen,1/1,731126ZZ/XXXX
65796/2014,Regional Court in Pilsen,2/2,025225TP/XXXX
35711/2016,Regional Court in Brno,1/1,8755054S/XXXX
35711/2016,Regional Court in Brno,2/2,005705AM/XXXX
30878/2016,Regional Court in Usti nad Labem,1/1,7107169X/XXXX
15804/2014,Regional Court in Ostrava,1/1,021125AD/XXXX
34359/2018,Municipal Court in Prague,1/1,990106NH/XXXX
75346/2015,Municipal Court in Prague,1/1,851203X8/XXXX
73240/2018,Regional Court in Pilsen,1/1,8159286E/XXXX
33633/2017,Regional Court in Ceske Budejovice,1/1,040810WO/XXXX
90066/2017,Regional Court in Usti nad Labem,1/1,020423O2/XXXX
93976/2016,Regional Court in Brno,1/1,0256203O/XXXX
50157/2015,Regional Court in Pilsen,1/1,046014RV/XXXX
59077/2018,Regional Court in Ceske Budejovice,1/1,020608CW/XXXX
92828/2015,Regional Court in Pilsen,1/1,046012E3/XXXX
91957/2016,Regional Court in Ostrava,1/1,756003O1/XXXX
68773/2018,Regional Court in Brno,1/1,890104UX/XXXX
2785/2018,Regional Court in Brno,1/1,815528AR/XXXX
2785/2018,Regional Court in Brno,2/2,015107XG/XXXX
61450/2018,Regional Court in Ceske Budejovice,1/1,020517BJ/XXXX
36173/2018,Regional Court in Ostrava,1/1,741112IT/XXXX
97531/2015,Regional Court in Ceske Budejovice,1/1,000815PD/XXXX
47351/2018,Regional Court in Ostrava,1/1,591026OF/XXXX
35965/2017,Regional Court in Usti nad Labem,1/1,0251026W/XXXX
34343/2018,Regional Court in Brno,1/1,820127YD/XXXX
34343/2018,Regional Court in Brno,2/2,000820DS/XXXX
